{"cameraMode":{"drawMode":0,"name":"Shaded","section":"Shading Mode"},"sceneLighting":true,"audioPlay":false,"sceneViewState":{"m_AlwaysRefresh":false,"showFog":true,"showSkybox":true,"showFlares":true,"showImageEffects":true,"showParticleSystems":true,"showVisualEffectGraphs":true,"m_FxEnabled":true},"in2DMode":false,"pivot":{"x":10.277362823486329,"y":5.322222709655762,"z":0.7720578908920288},"rotation":{"x":0.08836767077445984,"y":-0.7980690002441406,"z":0.12089613080024719,"w":0.5837069749832153},"size":0.8660253882408142,"orthographic":false}